Workbook

Sheet Start here
A1: PulseHub HMO Rent Tracker
A2: A free, no-strings template for UK HMO landlords
A5: How to use it
A6: 1. Setup | B6: On the Setup tab, add a row for every room: property, room, tenant, monthly rent and deposit.
A7: 2. Log payments | B7: On the Rent Tracker tab, enter what each tenant paid each month. If a month was missed, enter 0 so it counts as due. Leave months that are not due yet blank.
A8: 3. Check Summary | B8: The Summary tab shows your rent roll, what you have collected, and the arrears that are actually overdue.
A10: How arrears are worked out | B10: Due to date is the rent for the months you have logged, so Outstanding is only what is genuinely behind, not the rest of the year.
A11: Note | B11: The figures already in the file are examples. Overwrite them with your own.
A13: Outgrowing the spreadsheet? | B13: When you run more rooms, more arrears and more properties than a sheet wants to hold, PulseHub does all of this automatically, with utilities and deposits on one bill per resident.
B14: https://www.yourpulse.io/uk-hmo-management-software

Sheet Setup
A1: Setup
A2: Your properties, rooms and tenants. These feed the Rent Tracker and Summary.
A4: Property | B4: Room | C4: Tenant | D4: Monthly rent | E4: Deposit held | F4: Move-in date
A5: 14 Mill Road | B5: Room 1 | C5: A. Okafor | D5: 650 | E5: 650 | F5: 46118
A6: 14 Mill Road | B6: Room 2 | C6: B. Kaur | D6: 620 | E6: 620 | F6: 46118
A7: 14 Mill Road | B7: Room 3 | C7: C. Ahmed | D7: 600 | E7: 600 | F7: 46118
A8: 28 Bridge Street | B8: Room 1 | C8: D. Nowak | D8: 700 | E8: 700 | F8: 46118
A9: 28 Bridge Street | B9: Room 2 | C9: E. Reyes | D9: 680 | E9: 680 | F9: 46118

Sheet Rent Tracker
A1: Rent Tracker
A2: Enter what each tenant paid each month. Enter 0 for a missed month; leave future months blank.
A4: Property | B4: Room | C4: Tenant | D4: Monthly rent | E4: Apr | F4: May | G4: Jun | H4: Jul | I4: Aug | J4: Sep | K4: Oct | L4: Nov | M4: Dec | N4: Jan | O4: Feb | P4: Mar | Q4: Due to date | R4: Paid | S4: Outstanding
A5: =IF(Setup!A5="","",Setup!A5) | B5: =IF(Setup!B5="","",Setup!B5) | C5: =IF(Setup!C5="","",Setup!C5) | D5: =IF(Setup!D5="","",Setup!D5) | E5: 650 | F5: 650 | G5: 650 | H5: 650 | I5: 650 | J5: 650 | Q5: =IF(D5="","",D5*COUNT(E5:P5)) | R5: =IF(D5="","",SUM(E5:P5)) | S5: =IF(D5="","",Q5-R5)
A6: =IF(Setup!A6="","",Setup!A6) | B6: =IF(Setup!B6="","",Setup!B6) | C6: =IF(Setup!C6="","",Setup!C6) | D6: =IF(Setup!D6="","",Setup!D6) | E6: 620 | F6: 620 | G6: 620 | H6: 620 | I6: 620 | J6: 310 | Q6: =IF(D6="","",D6*COUNT(E6:P6)) | R6: =IF(D6="","",SUM(E6:P6)) | S6: =IF(D6="","",Q6-R6)
A7: =IF(Setup!A7="","",Setup!A7) | B7: =IF(Setup!B7="","",Setup!B7) | C7: =IF(Setup!C7="","",Setup!C7) | D7: =IF(Setup!D7="","",Setup!D7) | E7: 600 | F7: 600 | G7: 600 | H7: 600 | I7: 600 | J7: 600 | Q7: =IF(D7="","",D7*COUNT(E7:P7)) | R7: =IF(D7="","",SUM(E7:P7)) | S7: =IF(D7="","",Q7-R7)
A8: =IF(Setup!A8="","",Setup!A8) | B8: =IF(Setup!B8="","",Setup!B8) | C8: =IF(Setup!C8="","",Setup!C8) | D8: =IF(Setup!D8="","",Setup!D8) | E8: 700 | F8: 700 | G8: 700 | H8: 700 | I8: 700 | J8: 700 | Q8: =IF(D8="","",D8*COUNT(E8:P8)) | R8: =IF(D8="","",SUM(E8:P8)) | S8: =IF(D8="","",Q8-R8)
A9: =IF(Setup!A9="","",Setup!A9) | B9: =IF(Setup!B9="","",Setup!B9) | C9: =IF(Setup!C9="","",Setup!C9) | D9: =IF(Setup!D9="","",Setup!D9) | E9: 680 | F9: 680 | G9: 680 | H9: 680 | I9: 680 | J9: 0 | Q9: =IF(D9="","",D9*COUNT(E9:P9)) | R9: =IF(D9="","",SUM(E9:P9)) | S9: =IF(D9="","",Q9-R9)
A10: =IF(Setup!A10="","",Setup!A10) | B10: =IF(Setup!B10="","",Setup!B10) | C10: =IF(Setup!C10="","",Setup!C10) | D10: =IF(Setup!D10="","",Setup!D10) | Q10: =IF(D10="","",D10*COUNT(E10:P10)) | R10: =IF(D10="","",SUM(E10:P10)) | S10: =IF(D10="","",Q10-R10)
A11: =IF(Setup!A11="","",Setup!A11) | B11: =IF(Setup!B11="","",Setup!B11) | C11: =IF(Setup!C11="","",Setup!C11) | D11: =IF(Setup!D11="","",Setup!D11) | Q11: =IF(D11="","",D11*COUNT(E11:P11)) | R11: =IF(D11="","",SUM(E11:P11)) | S11: =IF(D11="","",Q11-R11)
A12: =IF(Setup!A12="","",Setup!A12) | B12: =IF(Setup!B12="","",Setup!B12) | C12: =IF(Setup!C12="","",Setup!C12) | D12: =IF(Setup!D12="","",Setup!D12) | Q12: =IF(D12="","",D12*COUNT(E12:P12)) | R12: =IF(D12="","",SUM(E12:P12)) | S12: =IF(D12="","",Q12-R12)
A13: =IF(Setup!A13="","",Setup!A13) | B13: =IF(Setup!B13="","",Setup!B13) | C13: =IF(Setup!C13="","",Setup!C13) | D13: =IF(Setup!D13="","",Setup!D13) | Q13: =IF(D13="","",D13*COUNT(E13:P13)) | R13: =IF(D13="","",SUM(E13:P13)) | S13: =IF(D13="","",Q13-R13)
A14: =IF(Setup!A14="","",Setup!A14) | B14: =IF(Setup!B14="","",Setup!B14) | C14: =IF(Setup!C14="","",Setup!C14) | D14: =IF(Setup!D14="","",Setup!D14) | Q14: =IF(D14="","",D14*COUNT(E14:P14)) | R14: =IF(D14="","",SUM(E14:P14)) | S14: =IF(D14="","",Q14-R14)

Sheet Summary
A1: Summary
A2: Your portfolio at a glance. Updates as you fill in the Rent Tracker.
A4: Monthly rent roll | B4: =SUM(Setup!D5:D14)
A5: Billed to date | B5: =SUM('Rent Tracker'!Q5:Q14)
A6: Collected so far | B6: =SUM('Rent Tracker'!R5:R14)
A7: Outstanding (arrears) | B7: =SUM('Rent Tracker'!S5:S14)
A8: Collection rate | B8: =IF(SUM('Rent Tracker'!Q5:Q14)=0,0,SUM('Rent Tracker'!R5:R14)/SUM('Rent Tracker'!Q5:Q14))
A9: Rooms set up | B9: =COUNTA(Setup!C5:C14)
A10: Deposits held | B10: =SUM(Setup!E5:E14)
A12: Outgrowing the spreadsheet? PulseHub does all of this automatically.
A13: https://www.yourpulse.io/uk-hmo-management-software
